amazon_order_id,asin1,asin2,asin3,asin4,asin5,asin6,asin7
701-0064261-9181018,B098PFR1P5,B07RP54K8T,,,,,
701-0070920-2657862,B01EK27LXC,B07KTHY938,,,,,
701-0168419-0069050,B071X7X7Z1,B07CJLFNF9,,,,,
701-0182255-4273061,B0BBPCTBQT,B0B1TKCWG9,,,,,
701-0199650-0437014,B08YYL8931,B0952VRX4M,B094N4NNN7,,,,
701-0214514-0551468,B07PF5DLHL,B0871NZWNC,,,,,
701-0219699-8098611,B07KN733RB,B07K34SPM1,,,,,
701-0223741-3265008,B0992TK7R1,B0992RR1DF,,,,,
701-0290053-1685845,B08CDGCVP8,B06XK7L18Q,,,,,
701-0350498-9919463,B00OPSXAJQ,B00LY30UVQ,,,,,
701-0408759-4963465,B00KQWXTH8,B00KQWXTGO,,,,,
701-0453851-9653036,B09Z5N2KW7,B09YGHTRLT,,,,,
701-0597612-1271461,B09W1MVQZG,B09W1M4RWT,,,,,
701-0616821-6054663,B07JQ81HJJ,B077PLJ69V,B077PSLWN4,,,,
701-0691821-7487430,B09XD5SQ33,B09B6TZ5J2,,,,,
701-0699648-5694637,B00OYJHAJM,B07PQX6TTQ,,,,,
701-0713427-4442601,B08QBMHZ6L,B078YHCFK7,,,,,
701-0734834-9811458,B08CK9FYLV,B07X3KMBNN,,,,,
701-0750687-1058645,B01NCDYOMY,B01N7BRCJ8,,,,,
701-0978731-4113827,B07BTF79K5,B07BTK8M8L,,,,,
701-1075731-4616262,B01D7LLXW2,B07H8CD55F,,,,,
701-1082919-7200225,B01H619N8A,B01H619KPQ,B01H61A2YY,,,,
701-1109268-8681024,B07NF8LZS9,B07GR5YRYY,B07GQZT1BN,,,,
701-1199597-9911430,B084RP9F73,B07WGJVQK8,,,,,
701-1410935-2178646,B017U0D1BC,B017U0CO9W,,,,,
701-1428296-6211458,B08D7MF87P,B08FZ7GFRQ,,,,,
701-1605862-7633809,B09JSF8V9M,B09JSF69DG,,,,,
701-1614068-5540207,B07G9786SM,B07G98RBFN,,,,,
701-1655230-5632227,B0822V5YJB,B00FN04ZAS,,,,,
701-1766295-1451426,B07XCZ5JR5,B07TFDQ6W7,,,,,
701-1797940-4401035,B085321TSQ,B07YKKGQHB,,,,,
701-1880650-8433012,B07JK2DNYK,B079C4W7RF,B077ZHT61J,,,,
701-2015721-2841039,B0785KF7HC,B0756WP9F3,,,,,
701-2068956-1993041,B01M4LQSTY,B00GMP7Q40,,,,,
701-2089436-8542659,B08XNQ7M7H,B08XNT3757,,,,,
701-2145618-4002649,B07LGQDF3Q,B077KY8R17,,,,,
701-2218066-6856230,B09D8TMKYT,B0BB7YX2MC,,,,,
701-2220651-2717853,B086DFXY7F,B08J9QFN58,,,,,
701-2327305-3920202,B07XLHWXDK,B07VGG8CDH,,,,,
701-2346780-7985807,B07M8RNM63,B07R1D9WCT,,,,,
701-2370626-4067457,B0C82RBHZH,B0BZ9RFPG8,,,,,
701-2419705-4773826,B073ZNPDVY,B073ZP7XRQ,B073ZNPMYX,,,,
701-2464146-9362627,B09SQ9KRM1,B081QPLQ6C,,,,,
701-2505925-1782661,B08B3DJ921,B07VPBMN5H,,,,,
701-2522298-1904269,B087HRBXN8,B087HX1J67,,,,,
701-2656333-9596262,B07CNSXKZW,B08JPKFYPG,,,,,
701-2861508-2713009,B0CBSWT5TH,B0B42YLYLM,,,,,
701-2891939-3584210,B01FI41NJY,B00WY9DVSI,,,,,
701-2914854-8801838,B07ZJGPQ9L,B07ZG32FGZ,,,,,
701-2961934-9713039,B07VPJT4CL,B07VL9QYVT,,,,,
701-2994602-0756222,B07T39WK7D,B07R3XJSZC,,,,,
701-3025484-8505835,B01D20YJ2Y,B01D20YJ2O,,,,,
701-3060622-5117812,B088P62WPN,B088P73M3N,,,,,
701-3085873-5536235,B07K4V9Z9G,B07W4LY99C,,,,,
701-3204702-0449855,B003T6TBRA,B000SU3VP8,,,,,
701-3213834-9832221,B0BFXC2YYK,B07WFHMD2V,,,,,
701-3221993-1282620,B088TFVGPL,B088T1Z539,,,,,
701-3276405-8701049,B082PSPQ91,B08DTKJQKZ,,,,,
701-3380998-5830619,B087TSTFMD,B087TVQH99,,,,,
701-3388087-4677023,B09LTVJGRJ,B09NZBGFGT,,,,,
701-3426928-1537069,B09PMR96CX,B09PMNH63W,,,,,
701-3555181-5242648,B0073BAZBI,B000BK1JHM,,,,,
701-3642888-1670662,B07P2CMKS7,B0899SHFBG,,,,,
701-3663553-1834607,B07W1PSTFM,B07VTV9LQV,,,,,
701-3717502-1537015,B00815PLYQ,B0086GYPLU,B00815PLWS,,,,
701-3728520-0961833,B01LXJ181F,B0B3S4CXX7,,,,,
701-3753887-0916211,B07BKNBWYJ,B07BK82W52,,,,,
701-3763599-2334667,B019MYG6ZW,B019MYG6Y8,,,,,
701-3771868-4768239,B07ZJP1HFD,B07GMWQ1H5,,,,,
701-3776992-6542667,B079JQJJYN,B08HGYQ9F8,,,,,
701-3802330-0678619,B07CBSH7V4,B071Y5BFPM,,,,,
701-3848284-8713822,B08S7KBVLT,B08QZ1XSK8,,,,,
701-3860695-4417820,B07NF9Q8NT,B081BQX29Q,,,,,
701-3916950-9351429,B0BJZMMGX5,B0B2RF12W8,,,,,
701-3967657-2729864,B077NF1S63,B00AC7H162,,,,,
701-3987714-1361848,B087CBJFJ8,B087CBCXFY,,,,,
701-4150441-8000235,B07CRQ8MLH,B07CRRZQRG,,,,,
701-4150990-5741847,B08B7ZB596,B08B8771J3,,,,,
701-4161695-4814628,B09ZG33KRQ,B081NJ99XT,,,,,
701-4312638-1822633,B09NP92GN1,B00PM1ONNW,,,,,
701-4325627-9133066,B0792CRYT2,B083BLL124,,,,,
701-4378977-4835462,B09DB6HZ9W,B09DB9JCSM,,,,,
701-4385747-6285041,B0C7G5GBW8,B0C7G3MBKS,,,,,
701-4415826-8417846,B08D65XWHW,B087P2V153,,,,,
701-4657834-6787420,B07M7F2G6T,B07KYW4BG4,,,,,
701-4668205-2097866,B01E6KKY1Y,B01E4IR0RY,,,,,
701-4710322-1149020,B0756F5CG7,B08BYNDLN3,,,,,
701-4751883-8494602,B095JQ4BZ2,B095JSNXDD,,,,,
701-4762608-0125836,B0BGP15QGH,B0BGP4NLB7,,,,,
701-4871645-7168229,B000BK1JHM,B0055CDIYI,,,,,
701-4898454-5797855,B093Q8XVSP,B0C82LZZ51,,,,,
701-4930572-9661816,B087R2V8V7,B08CRC66JK,,,,,
701-4946863-8810602,B09YRHM855,B07FS8WX7K,,,,,
701-4957725-1734619,B0834M9W2H,B0834LZ85F,,,,,
701-4981545-2881826,B09DW2PR23,B09DWDRV6L,,,,,
701-5020740-4704265,B09Y9LLRFT,B09Y9KZT3J,,,,,
701-5023109-9553821,B07BGJZ2WC,B07BGFKFRZ,,,,,
701-5212310-6745022,B07D8S7HSL,B07D8S62M2,,,,,
701-5244313-0977809,B00000IV3V,B00000IV3U,,,,,
701-5249178-3428216,B0718XD3VP,B071V6GGSZ,,,,,
701-5276411-7785800,B00FTEX3W4,B0096I9H7E,,,,,
701-5278294-9157023,B08TWLLVT5,B08TWMMZT9,,,,,
701-5319539-8095455,B0118FNABG,B00DUG2OXC,,,,,
701-5380497-5881850,B08QJ7YJJ6,B09NLKVTQ4,,,,,
701-5422346-0794668,B07DBSY5T3,B07DBV4412,,,,,
701-5428814-5135423,B07YS8B79L,B07YS84Z8F,,,,,
701-5448329-2393839,B08QHTYPYG,B08C3349L9,,,,,
701-5476285-6310608,B084ZXSD65,B07SZHSJ38,,,,,
701-5545101-1261866,B08DVC94GJ,B08HCV5JMR,,,,,
701-5570939-7083411,B075VNKZFK,B07WZKZ2YC,,,,,
701-5584653-9389811,B074KD7R7Q,B07SN58L4X,,,,,
701-5612556-4044220,B08D39W33T,B08D32TBSW,,,,,
701-5648021-8669806,B089QRY3CS,B074JGWDD3,B012DY7WHY,B081MWSS4L,B08CXR3XBS,,
701-5662268-0623405,B07KXR5D79,B097DMNH7D,,,,,
701-5821440-4657869,B09VYFFGWB,B09VYGXQ7M,,,,,
701-5958825-6739413,B08M3T6D2W,B08FR3TLYG,,,,,
701-6004606-7001049,B07V5DV544,B07V5BS5B3,,,,,
701-6034405-5120227,B07BHCB9Y2,B07J55YHGD,,,,,
701-6075090-5005031,B07RW5N765,B07RW7P6BX,,,,,
701-6210317-3905037,B07HPCGBSF,B076LC2VLT,,,,,
701-6317437-0952265,B095C94ZW1,B0962TSS45,,,,,
701-6386614-4153833,B00015GDRI,B00015GDOQ,,,,,
701-6521972-2889800,B08DGNHT92,B081CBFG5R,,,,,
701-6550193-2721843,B087YKRG68,B08L9S56TK,,,,,
701-6756678-9922625,B09J641NGH,B08FCV75YT,,,,,
701-6768134-9723418,B0BBG674CW,B09FG5F6KC,,,,,
701-6816146-0278633,B01DN0AU4O,B00NQDGKZC,,,,,
701-6855018-1027461,B000BK1JHM,B0055CDIYI,,,,,
701-6889121-7113847,B00T0C9XRK,B06WW9SJ5M,,,,,
701-6964037-7580253,B07MY2DC5F,B07V7KFTZS,,,,,
701-6996640-3276255,B08LD7TYJV,B07VTRZYDT,,,,,
701-7002783-0015458,B07D8HDDPD,B07RZMP76F,,,,,
701-7172397-4829040,B00A2FEMRA,B071VWCRBD,,,,,
701-7389475-1183454,B08155ZH69,B081568MS9,,,,,
701-7407821-4204231,B084T6TSX6,B084T6M9N4,,,,,
701-7469538-0950618,B00172GM7U,B00172DJWQ,,,,,
701-7556156-3498640,B094X8PDD9,B094XFZHTB,B094X9G8MM,,,,
701-7567811-1220234,B07F6D5BNH,B0753D76V2,,,,,
701-7595481-2443469,B000BK1JHM,B07B8CQNGD,,,,,
701-7636594-5613802,B000UHP9EU,B001PB8FX2,,,,,
701-7646035-2488242,B087NCWY5H,B07ZKDG1TH,,,,,
701-7684210-4560266,B07C7ZRDFD,B07CGMKJ5G,,,,,
701-7754503-0523453,B07FJLMNXS,B088TLF146,,,,,
701-7783777-4821845,B08BDPGNV5,B08CML4Q47,,,,,
701-7800815-4522605,B07SD82Q98,B0763CKSFX,,,,,
701-7802089-8138635,B083XQVHXZ,B083XM82VN,,,,,
701-7816575-4623450,B07TD1YJ1Y,B07TD2HVCZ,,,,,
701-7947585-1893022,B07CM8C96Y,B0759WQ34L,,,,,
701-8008496-8675422,B0997HG9CG,B0997CJGCB,,,,,
701-8012736-4902664,B01N8QHSED,B07HFGNCKQ,,,,,
701-8036733-5445813,B08MDCBPWX,B0894MWTVD,,,,,
701-8049265-5637802,B01LXJ181F,B0B3S4CXX7,,,,,
701-8060558-3601027,B08W2942WK,B08GWQYL4W,,,,,
701-8070800-2367415,B079RY7BR7,B079RT87P9,,,,,
701-8107212-7864265,B08CT6DK26,B08MDCBPWX,,,,,
701-8118789-5585835,B0861C945V,B08621X4Z7,,,,,
701-8138559-6029800,B08XMFNTDR,B08XLT7PY2,B08XM1X9B1,,,,
701-8180124-4301009,B087TSTFMD,B087TVQH99,,,,,
701-8185307-1657015,B07C9RCZWY,B07BT8RCWD,,,,,
701-8251567-5363445,B01EN0PGGK,B000BK1JHM,,,,,
701-8260495-0407459,B07PRK8YWG,B07PNK9DQT,,,,,
701-8453973-7002630,B07LBHL5MC,B07L7WSYKN,,,,,
701-8488495-2295401,B0825MRNSJ,B089FGSQ43,,,,,
701-8521227-1309801,B0973JPSV7,B08KTYDVG9,,,,,
701-8546625-8068220,B07NBL72WK,B07NYCW2WG,B07NYCVTHB,B07HYHBNNW,,,
701-8548486-5161805,B087TVQH99,B087TSTFMD,,,,,
701-8558019-7013015,147510686,147510678,,,,,
701-8585127-5077862,B071YSBQXP,B01NBP6E9F,,,,,
701-8619882-3286668,B08C3349L9,B08QHTYPYG,,,,,
701-8634685-1360255,B07F2S747P,B07F2NYM74,,,,,
701-8670232-4790659,B07MK1G2MD,B07M83MKBB,,,,,
701-8676808-1866658,B01LZAMW9J,B01LYYZC2J,,,,,
701-8720662-1745867,B08XTZZ2VM,B09NF7HBGF,,,,,
701-8834875-1059458,B07VF8BTL9,B07TJ9RL8R,,,,,
701-8847276-7509059,B0919LCXRL,B07VD671F9,,,,,
701-8891054-8941851,B07MTGHNWM,B07MTCZ3YT,,,,,
701-8970230-0269028,B074RMGR4M,B01N6ERERU,,,,,
701-8975011-1715456,B09JQHWSBR,B09JQHRLXX,,,,,
701-8977217-0488241,B00JFKL5WS,B00JFKL4K6,,,,,
701-8992810-1327467,B0894MWTVD,B08MDCBPWX,,,,,
701-9031877-3380230,B071ZXPFLL,B08N4H31G7,,,,,
701-9033282-1956221,B097PW6R5C,B08FJ3W6T7,,,,,
701-9055441-4273867,B07R1V29M7,B07R1TS4FK,,,,,
701-9124026-7024236,B07PQJ1LK5,B08F58YXYY,,,,,
701-9128132-5988249,B09QYH4LB7,B09QYFRSJ5,,,,,
701-9178015-9205832,B08S2XDTJW,B08S2TCWC2,,,,,
701-9188235-8633868,B00N9X4YZ2,B01M5DD3DA,,,,,
701-9210267-7271439,B0716RFBQS,B00N9CFGOG,,,,,
701-9226108-3382612,B08CFWDQX1,B08NXX97BW,,,,,
701-9267123-2609007,B07RTWNN5Q,B07X935DDL,,,,,
701-9293288-4153868,B09DFQ59XP,B091YF16WW,,,,,
701-9519109-0201854,B00LWPAMD2,B06ZZR4RSJ,,,,,
701-9582007-0125818,B0055CDIYI,B000BK1JHM,,,,,
701-9585053-9245867,B08F78L8H6,B085W2DYYT,,,,,
701-9674574-1461825,B07L8YJW6F,B07KFYVFFJ,B07L8X9HWV,B07L8716G1,,,
701-9725255-9181027,B0811693YS,B07YYXLSWP,,,,,
701-9791456-1085861,B07KSSCCK7,B06XDW1XYL,,,,,
701-9916157-4366659,B00E5O7HCG,B00E5O6YMU,,,,,
701-9934042-2906620,B01N1Q9Q3D,B073LJMXQ4,,,,,
701-9981712-4277827,B07XXP5S3T,B08JTWKY2H,,,,,
702-0073062-9790644,B00UKHSNYI,B00UKHSRLC,,,,,
702-0189592-2996249,B07C2SSRZJ,B07DW934MY,,,,,
702-0220304-3796251,B078YNHWWL,B07HF4XFJK,,,,,
702-0321073-2320257,B08MJ83YSB,B08MHSF44W,,,,,
702-0375378-8581017,B078SC929F,B078SCRQK5,,,,,
702-0384830-8356254,B07BGBZ4MD,B07NVPHGSB,,,,,
702-0537133-8233049,B089SLY4YP,B07P7Q2B55,,,,,
702-0546657-0764233,B07H8Q6BQP,B07H8R2CWZ,,,,,
702-0612181-3861014,B07B8M4JD1,B07B8D1CY6,,,,,
702-0678662-7769009,B00JQJVQMW,B0144JOHUG,,,,,
702-0685305-1735452,B0B87C6X6T,B0B87CVBJL,,,,,
702-0698359-6201069,B08QV8T3D9,B08PYN7TS2,,,,,
702-0784115-6813038,B075JH34S6,B076J9M7M5,,,,,
702-0810989-3013853,B08JTYHC8B,B08KGXBTRK,,,,,
702-0839971-5569047,B01MSLCT62,B01LW19NI2,,,,,
702-0876064-8289866,B01MRYEGIG,B0055CDIYI,,,,,
702-0906843-6677807,B0B3S4CXX7,B01LXJ181F,,,,,
702-0912186-9930664,B005B0YLFE,B07MR14Y1M,,,,,
702-0934332-0237061,B08MF4N9MF,B08MF61Y1G,,,,,
702-0969622-7289843,B07VCP59M3,B07VGR7Z76,,,,,
702-0969779-9923410,B0BQ6DNQ3H,B0BSKSGVPD,,,,,
702-1036741-2031428,B081122DGP,B0814MYC6C,,,,,
702-1070368-6837867,B08MTHNW5N,B07ZB5Z98N,,,,,
702-1079732-1356200,B08MTK35ZJ,B086DDL4WD,,,,,
702-1197958-5672235,B01L08G7C0,B07GP276CG,,,,,
702-1333406-3085029,B00XU9202E,B07DS69MHD,,,,,
702-1334944-9100217,B0BQCZCTVK,B07SD3WCHJ,,,,,
702-1342720-5825051,B0826K85WL,B0826KKQKM,,,,,
702-1345487-0814613,B000OS1K52,B000NPO39Q,,,,,
702-1474359-6818607,B017JIWRE2,B01BUF5ISC,,,,,
702-1497418-2206627,B092CFDY3G,B092C9SCDS,,,,,
702-1509579-4825045,B00LEM6UOI,B0773S8S37,,,,,
702-1535314-2171434,B07SR9ZL4H,B08H8FG3Q7,,,,,
702-1576882-6635433,B083DMX4Q4,B08P3V83T3,,,,,
702-1596746-7742655,B08N9QZZJ2,B07PKN9MYZ,,,,,
702-1599399-5849861,B07KGH4BFF,B07KGHLMLG,,,,,
702-1692518-5568268,B09NR71V7Y,B09NR7PJNJ,B09NR6HYW6,,,,
702-1709017-7444225,B0055QEV1S,B00II5THHG,,,,,
702-1747754-3289058,B09J55Q15T,B09J548NZ3,,,,,
702-1785791-5458631,B000UO47O6,B007GCI2MI,,,,,
702-1795596-3396236,B08MBF7GCN,B08MBDPFSL,,,,,
702-1802975-6119413,B07F8KPDXY,B003LO5HZ0,,,,,
702-1839728-3093014,B0073BAZBI,B0055CDIYI,,,,,
702-1883311-7113055,B09BQ45BBH,B095S1YHK6,,,,,
702-1944536-3412264,B0055CDIYI,B01D1HH2H2,,,,,
702-1951204-3872221,B08MZNBCD4,B08MTPNN65,,,,,
702-2109153-7699405,B096LWTS5T,B096LVP6X7,,,,,
702-2160855-5421066,B0BKDWRPXR,B09Q55JS7L,,,,,
702-2164553-3241827,B01LXJ181F,B0B3S4CXX7,,,,,
702-2172413-3477054,B01E6CGD4O,B01E6CG7L8,B01E6CGCAY,,,,
702-2257130-3493819,B0881YGWY8,B088G1VSNC,,,,,
702-2444267-8197836,B00PKV38IU,B004N0VPIO,,,,,
702-2449957-3642626,B0B6ZXGQBW,B0B79Q4S4P,,,,,
702-2455073-9944248,B08BJJVP48,B08BJLDPPR,,,,,
702-2456020-8464240,B07NC2PD37,B07B8CQNGD,,,,,
702-2469391-3436250,B07CXCPGTB,B07CXBRMDQ,,,,,
702-2492910-6531427,B07SK6JHC3,B07DPTZTGH,,,,,
702-2527979-6701866,B01GUMI4M2,B01NAH4WHQ,,,,,
702-2537594-5897810,B07FMTBTSR,B07FMXL1FR,,,,,
702-2607448-0366669,B01LCKD5QW,B06WVP2ZT3,,,,,
702-2649021-4193825,B07JGB6DB1,B001AV953Q,,,,,
702-2659347-2609055,B07JCHKHJP,B07DNW84LX,,,,,
702-2680282-0423412,B07JJZFS4Z,B07JK1FYQD,,,,,
702-2701286-2372203,B07SFT4QCF,B07SDBVHSY,,,,,
702-2915251-8377002,B0BZKTMK9W,B0BWJ5QVL3,,,,,
702-2932170-0977856,B00KLEFHP8,B009T8KNAQ,,,,,
702-2937591-4568256,B08K45B749,B07XBJT1RP,,,,,
702-2951335-7806650,B07W8WYZNW,B07VTXQNMM,,,,,
702-2975991-0905063,B07F2NYM74,B07NYCW31V,,,,,
702-3079114-4933833,B004WQIAZU,B004WQHH6S,,,,,
702-3098023-4846646,B000MPLVVA,B0002YKBV2,,,,,
702-3144581-4965069,B08S3N9WB7,B08S2M64G9,,,,,
702-3292371-9884203,B07WDV5ZKD,B07MTTGQTK,,,,,
702-3342216-9614602,B08CK9FYLV,B07WWVJBGZ,,,,,
702-3455905-7553022,B01L90JKDM,B07GJZFXVW,,,,,
702-3461623-7222636,B0833T8KMZ,B0833TTF4H,,,,,
702-3622573-3780259,B01L7BUS20,B00NJ75D1W,,,,,
702-3702644-7948256,B07JV964DH,B08CB17QPN,,,,,
702-3750790-1752221,B07MYY6T37,B07MYPJMLZ,,,,,
702-3817233-7845005,B09P9P2VTD,B09P9Y6QCX,,,,,
702-3859791-5347466,B08L8PC6WB,B082S9XFPR,B07ZQ3TSWB,B08P4DV88C,B08PKTKQR1,B08CXR3XBS,B073S1F4ZX
702-3967304-2649811,B07NTRK746,B07T2HHCF2,,,,,
702-3970647-1069801,B07FZ2H42J,B07GXPHPWD,,,,,
702-4019686-7453815,B074R2SXBM,B017KUC6XQ,,,,,
702-4154027-5884209,B08942S65J,B08MDCBPWX,B0894MWTVD,,,,
702-4216616-2951468,B09HPPCTD5,B09HPQXMJ7,,,,,
702-4323905-5124265,B07F9QV6HX,B07HDZ8NF6,,,,,
702-4337111-0591440,B01BW60V1S,B01BW61PS6,,,,,
702-4392709-5621032,B07HFHZ3GJ,B07RHZHHGN,,,,,
702-4396076-9337032,B071FBW32Y,B07GGWR4M1,,,,,
702-4420870-0830609,B0BFFLKVY5,B0BFFF2R9R,,,,,
702-4431253-9221801,B07YLK6H56,B08ZCTCPJX,,,,,
702-4475341-0317067,B07V1X5SK4,B07V1JM71H,,,,,
702-4486509-1660231,B079S37WXN,B079RT87P9,,,,,
702-4513287-8279432,B07Z8WCZL7,B084M3X2VM,,,,,
702-4540810-3647436,B00HNS1N26,B07D5HLC32,,,,,
702-4556372-1948257,B07RPXMZ5G,B08C9VVMXL,,,,,
702-4746725-8731425,B074RJNYYQ,B07NQBZBLY,,,,,
702-4970969-2070604,B07R979YP1,B07R9749S1,B07RCCYMMJ,B07R97HH51,,,
702-5016192-3540266,B0752X9BKT,B01N30W8MM,,,,,
702-5020060-3345849,B09QBZBX81,B08X255BVY,,,,,
702-5071743-3702668,B07P6LTZQ1,B084WWC3PF,,,,,
702-5226163-2172239,B08MDCBPWX,B0894MWTVD,,,,,
702-5252676-5257064,B07XJT362T,B07XQ6JNKC,,,,,
702-5278981-8785050,B077TBGGS2,B07BYJ63L2,,,,,
702-5377726-6585806,B0887W76Q8,B08882MDZH,,,,,
702-5402597-7577840,B07QZHX3CM,B07HNFVSCN,,,,,
702-5407179-4288249,B000BK1JHM,B0073BAZBI,,,,,
702-5531350-2647421,B0BHVFL1V5,B0BNHG9CFM,,,,,
702-5553965-5771435,B09GXDGQB9,B083XH5F8S,,,,,
702-5700036-5433826,B07WLJR6NH,B07RHZHHGN,,,,,
702-5739591-6364251,B09HPMWKJN,B09H5HK7PD,,,,,
702-5882653-6433022,B083HB6N12,B083H9RJKJ,,,,,
702-5886412-7704206,B07MY2DC5F,B07LBCY6M7,,,,,
702-5903729-7489001,B07V8MT85M,B07V3FY3CV,,,,,
702-5905508-0435425,B007RLNQLA,B01AZ9EUJW,,,,,
702-5927255-1951449,B018FXGZBQ,B018FXGZ3O,,,,,
702-5932619-2329803,B07S4MC1N3,B081DJ6DSV,,,,,
702-5947779-5329806,B018RFB0VW,B017WHOCFM,,,,,
702-6012987-2067445,B07PGYJJWT,B088HBK137,,,,,
702-6192002-1281864,B075H2DB3Z,B09MT5NQY7,,,,,
702-6248960-2861032,B0BQCZCTVK,B07SD3WCHJ,,,,,
702-6270565-3389864,B08HYSPRSQ,B0BHNSM825,,,,,
702-6502504-4693008,B07RN8LLF7,B07RQ8DKLN,,,,,
702-6516648-8565810,B07L18NS8Z,B07ST6XBK1,,,,,
702-6588368-6569013,B0B2Z6P7HK,B0B2ZYXQVM,,,,,
702-6621277-8424219,B07G9QTRFW,B08G5CXS9F,,,,,
702-6679077-5499448,B07SD3WCHJ,B0BQCZCTVK,,,,,
702-6744004-7143403,B07VF7LQMD,B07VDKMQ5W,,,,,
702-6755800-2932233,B084T6M9N4,B084T6TSX6,,,,,
702-6798632-5673867,B07V1JM71H,B07TYG1D8C,,,,,
702-6820055-4909053,B08XJL91RN,B07SNGNC7D,,,,,
702-7088976-0135448,B08M9TPCPQ,B08M8W1H1H,,,,,
702-7136607-9041042,B091XN395K,B08G4LP1HG,,,,,
702-7255068-7685068,B000R2VTBK,B0055CDIYI,,,,,
702-7342057-8333040,B07DPTLCZW,B07DPTZ1BH,B07DPTNNMX,,,,
702-7417862-3490618,B0B8GH6KVR,B08J3XK62C,,,,,
702-7437360-6370638,B07BBK4JNK,B07BBHFRMZ,,,,,
702-7501885-8305840,B071CWM2X6,B07CRDT5J7,,,,,
702-7529158-6565030,B08D29XQS7,B09GLP3FB2,,,,,
702-7721360-5983468,B08B1TFPS2,B094CTY5DN,,,,,
702-7727530-1734614,B08D371BKP,B073S1F4ZX,B0895JRC9W,B07TVBZRK5,B081MTBNXW,B086Q1FQSY,
702-7811128-3485054,B094VF54RN,B0949HFD6T,,,,,
702-7883662-1466620,B08942S65J,B08MDCBPWX,,,,,
702-7920405-6981866,B07XJXSJ63,B07XQ31V5B,,,,,
702-7956351-2054638,B09CTT2YJ4,B09CTT67MG,,,,,
702-8018645-9961028,B09JPCVFP9,B09N4399Y9,,,,,
702-8066863-8125010,B0754MZ5JC,B084D4S8KM,,,,,
702-8111161-1563440,B07B4JYZKK,B07CMKFRQ8,,,,,
702-8118468-1903464,B07PHNBNDS,B07ZR263LX,,,,,
702-8145377-1613800,B0879FF6GG,B086SBYKBV,,,,,
702-8183890-9570618,B00X4D9CI6,B07L6QNGY2,,,,,
702-8226357-5546667,B0BJJVY9W4,B0BJJTX71D,,,,,
702-8226608-9603443,B07VJ13BHY,B09LCNN3JJ,,,,,
702-8271970-5887465,B07Z8X7TPN,B07SQYBLJJ,,,,,
702-8332286-8627452,B087YS15V4,B07PWGZDMQ,,,,,
702-8433583-8617045,B01LXCZN9O,B01LZMZ80H,,,,,
702-8477343-9685049,B07GWGN2Q8,B08S3F8H8P,B08MLPX448,B07PSH6MV3,,,
702-8531583-0325830,B07YKRQL1Q,B07YKTLH56,,,,,
702-8554635-2946625,B00AIE89CY,B081S4VK8J,,,,,
702-8651890-9908265,B00FMUYU6I,B00BWIWW1Y,,,,,
702-8731208-0562639,B092ZVJGQ1,B07R7JZKZY,,,,,
702-8732006-1121018,B01D1HH2H2,B000BK1JHM,,,,,
702-8734037-9494609,B00ZZ5KRTO,B06XHPNPN4,,,,,
702-8747280-3819405,B07MP62BDQ,B07MKXSZ1Q,,,,,
702-8808070-6233820,B088ZSCW9M,B07V6FZ2TP,,,,,
702-8914139-5396238,B07MB89P4J,B0719N9V3J,,,,,
702-8947133-7346646,B07KWDRFKY,B0897V9HKV,,,,,
702-8953488-2565062,B07H653ZBZ,B07P9BJHBK,,,,,
702-8965911-2575436,B0B3S4CXX7,B01LXJ181F,,,,,
702-8978626-6122606,B08R5XVX2B,B08SM1R3ZV,,,,,
702-9008982-8416269,B075M4NLLP,B075M26CJT,,,,,
702-9016426-1668212,B084T6M9N4,B084T6TSX6,,,,,
702-9050082-6173061,B07BNZHQPV,B07C8ZY9R2,,,,,
702-9059842-0337045,B0B9MVTDDR,B091L21GZK,,,,,
702-9128461-8739459,B07XYPWQQJ,B07XYPCT76,,,,,
702-9131701-2512215,B0B9FP8TNG,B0B9FSW5HW,,,,,
702-9140045-0865050,B0BMB3VNJ2,B0BM9RFWJ9,,,,,
702-9193509-7870628,B07JFZWJKM,B089CJYBYW,,,,,
702-9330407-8041863,B084Z2DRBN,B084Z2XNTD,,,,,
702-9398539-2030666,B08GCC5CXN,B08GC9WC4V,,,,,
702-9425916-5973017,B0981TYXZK,B0981TS5TH,,,,,
702-9446563-4729029,B09RB8GVBF,B095YT1LZL,,,,,
702-9459669-4621804,B07SQYBLJJ,B07SQY7TV6,,,,,
702-9461800-1590659,B087TVQH99,B087TSTFMD,,,,,
702-9486410-8140214,B087ZLCF27,B08813FHPW,B08813GHZ2,,,,
702-9509958-2424211,B09NM391HP,B0999141GL,,,,,
702-9542754-0518617,B07ZHP7S1R,B07ZHP63T6,,,,,
702-9921640-5769802,B084BQR7VH,B087YWVWX3,,,,,
702-9937728-6347457,B08PDK3NH6,B081FJL3F1,,,,,
702-9968639-1071423,B00IXDFUBA,B08DL6GTG9,,,,,
